category,operation,gas,commit,generated_at
"DRIFTCoreGasBenchmarkTest","AddSchema","65878","ee68d9a","2026-09-26T12:07:45Z"
"DRIFTCoreGasBenchmarkTest","AssignRole","93491","ee68d9a","2026-09-26T12:07:45Z"
"DRIFTCoreGasBenchmarkTest","DeployClientClone","377499","ee68d9a","2026-09-26T12:07:45Z"
"DRIFTCoreGasBenchmarkTest","DeployClientFull","4700428","ee68d9a","2026-09-26T12:07:45Z"
"DRIFTCoreGasBenchmarkTest","RegisterContext","130130","ee68d9a","2026-09-26T12:07:45Z"
"DRIFTCoreGasBenchmarkTest","RegisterNode","63830","ee68d9a","2026-09-26T12:07:45Z"
"DRIFTCoreGasBenchmarkTest","RevokeRole","33379","ee68d9a","2026-09-26T12:07:45Z"
"DRIFTCoreGasBenchmarkTest","Reward","37972","ee68d9a","2026-09-26T12:07:45Z"
"DRIFTCoreGasBenchmarkTest","VerifyAttestation","4283","ee68d9a","2026-09-26T12:07:45Z"
"DRIFTDisputeGasTest","ChallengeOmission","149353","ee68d9a","2026-09-26T12:07:45Z"
"DRIFTDisputeGasTest","ClaimUnansweredChallenge","62006","ee68d9a","2026-09-26T12:07:45Z"
"DRIFTDisputeGasTest","ReclaimMootChallenge","35148","ee68d9a","2026-09-26T12:07:45Z"
"DRIFTDisputeGasTest","ReclaimMootChallenges_Batch10","344147","ee68d9a","2026-09-26T12:07:45Z"
"DRIFTDisputeGasTest","RespondToChallenge_Depth1","14456","ee68d9a","2026-09-26T12:07:45Z"
"DRIFTDisputeGasTest","RespondToChallenge_Depth20","20758","ee68d9a","2026-09-26T12:07:45Z"
"DRIFTDisputeGasTest","SetChallengeBond","46981","ee68d9a","2026-09-26T12:07:45Z"
"DRIFTDisputeGasTest","SetDisputeWindow","47275","ee68d9a","2026-09-26T12:07:45Z"
"DRIFTDisputeGasTest","SetResponseWindow","46840","ee68d9a","2026-09-26T12:07:45Z"
"DRIFTDisputeGasTest","SetSettlementBond","47570","ee68d9a","2026-09-26T12:07:45Z"
"DRIFTDisputeGasTest","WithdrawSettlementBond","14136","ee68d9a","2026-09-26T12:07:45Z"
"DRIFTGovernorBaselineTest","OZGovernor_CastVote","57324","ee68d9a","2026-09-26T12:07:45Z"
"DRIFTGovernorBaselineTest","OZGovernor_Delegate","70821","ee68d9a","2026-09-26T12:07:45Z"
"DRIFTGovernorBaselineTest","OZGovernor_Propose","45314","ee68d9a","2026-09-26T12:07:45Z"
"DRIFTMerkleGasTest","Claim_Depth_10_Users_1024","93986","ee68d9a","2026-09-26T12:07:45Z"
"DRIFTMerkleGasTest","Claim_Depth_15_Users_32768","95634","ee68d9a","2026-09-26T12:07:45Z"
"DRIFTMerkleGasTest","Claim_Depth_1_Users_2","91006","ee68d9a","2026-09-26T12:07:45Z"
"DRIFTMerkleGasTest","Claim_Depth_20_Users_1M","97268","ee68d9a","2026-09-26T12:07:45Z"
"DRIFTMerkleGasTest","Claim_Depth_25_Users_33M","98936","ee68d9a","2026-09-26T12:07:45Z"
"DRIFTMerkleGasTest","Claim_Depth_5_Users_32","92327","ee68d9a","2026-09-26T12:07:45Z"
"DRIFTMerkleGasTest","PostRoot_O1_Cost","125375","ee68d9a","2026-09-26T12:07:45Z"
"DRIFTMerkleGasTest","Repeat_Claim_Depth_10_Users_1024","46632","ee68d9a","2026-09-26T12:07:45Z"
"DRIFTNaiveBatchGasTest","BatchSize_10","323959","ee68d9a","2026-09-26T12:07:45Z"
"DRIFTNaiveBatchGasTest","BatchSize_100","3166392","ee68d9a","2026-09-26T12:07:45Z"
"DRIFTNaiveBatchGasTest","BatchSize_1000","31602901","ee68d9a","2026-09-26T12:07:45Z"
"DRIFTNaiveBatchGasTest","BatchSize_1050","33183356","ee68d9a","2026-09-26T12:07:45Z"
"DRIFTNaiveBatchGasTest","BatchSize_200","6324911","ee68d9a","2026-09-26T12:07:45Z"
"DRIFTNaiveBatchGasTest","BatchSize_250","7904272","ee68d9a","2026-09-26T12:07:45Z"
"DRIFTNaiveBatchGasTest","BatchSize_300","9483702","ee68d9a","2026-09-26T12:07:45Z"
"DRIFTNaiveBatchGasTest","BatchSize_325","10273443","ee68d9a","2026-09-26T12:07:45Z"
"DRIFTNaiveBatchGasTest","BatchSize_350","11063201","ee68d9a","2026-09-26T12:07:45Z"
"DRIFTNaiveBatchGasTest","BatchSize_375","11852975","ee68d9a","2026-09-26T12:07:45Z"
"DRIFTNaiveBatchGasTest","BatchSize_390","12326848","ee68d9a","2026-09-26T12:07:45Z"
"DRIFTNaiveBatchGasTest","BatchSize_400","12642768","ee68d9a","2026-09-26T12:07:45Z"
"DRIFTNaiveBatchGasTest","BatchSize_404","12769136","ee68d9a","2026-09-26T12:07:45Z"
"DRIFTNaiveBatchGasTest","BatchSize_410","12958689","ee68d9a","2026-09-26T12:07:45Z"
"DRIFTNaiveBatchGasTest","BatchSize_425","13432576","ee68d9a","2026-09-26T12:07:45Z"
"DRIFTNaiveBatchGasTest","BatchSize_450","14222403","ee68d9a","2026-09-26T12:07:45Z"
"DRIFTNaiveBatchGasTest","BatchSize_475","15012246","ee68d9a","2026-09-26T12:07:45Z"
"DRIFTNaiveBatchGasTest","BatchSize_50","1587236","ee68d9a","2026-09-26T12:07:45Z"
"DRIFTNaiveBatchGasTest","BatchSize_500","15802106","ee68d9a","2026-09-26T12:07:45Z"
"DRIFTNaiveBatchGasTest","BatchSize_700","22121604","ee68d9a","2026-09-26T12:07:45Z"
"DRIFTNaiveBatchGasTest","BatchSize_900","28442195","ee68d9a","2026-09-26T12:07:45Z"
"DRIFTNaiveBatchGasTest","BatchSize_950","30022514","ee68d9a","2026-09-26T12:07:45Z"
"DRIFTVoteGasTest","Vote_Depth_10_Users_1024","59397","ee68d9a","2026-09-26T12:07:45Z"
"DRIFTVoteGasTest","Vote_Depth_15_Users_32768","61075","ee68d9a","2026-09-26T12:07:45Z"
"DRIFTVoteGasTest","Vote_Depth_20_Users_1M","62741","ee68d9a","2026-09-26T12:07:45Z"
"DRIFTVoteGasTest","Vote_Depth_25_Users_33M","64439","ee68d9a","2026-09-26T12:07:45Z"
"DRIFTVoteGasTest","Vote_Depth_5_Users_32","57705","ee68d9a","2026-09-26T12:07:45Z"
