batch_size,gas,commit,generated_at
10,"323739","8686311","2026-09-07T09:58:47Z"
50,"1586136","8686311","2026-09-07T09:58:47Z"
100,"3164192","8686311","2026-09-07T09:58:47Z"
200,"6320511","8686311","2026-09-07T09:58:47Z"
250,"7898772","8686311","2026-09-07T09:58:47Z"
300,"9477102","8686311","2026-09-07T09:58:47Z"
325,"10266293","8686311","2026-09-07T09:58:47Z"
350,"11055501","8686311","2026-09-07T09:58:47Z"
375,"11844725","8686311","2026-09-07T09:58:47Z"
390,"12318268","8686311","2026-09-07T09:58:47Z"
400,"12633968","8686311","2026-09-07T09:58:47Z"
404,"12760248","8686311","2026-09-07T09:58:47Z"
410,"12949669","8686311","2026-09-07T09:58:47Z"
425,"13423226","8686311","2026-09-07T09:58:47Z"
450,"14212503","8686311","2026-09-07T09:58:47Z"
475,"15001796","8686311","2026-09-07T09:58:47Z"
500,"15791106","8686311","2026-09-07T09:58:47Z"
700,"22106204","8686311","2026-09-07T09:58:47Z"
900,"28422395","8686311","2026-09-07T09:58:47Z"
950,"30001614","8686311","2026-09-07T09:58:47Z"
1000,"31580901","8686311","2026-09-07T09:58:47Z"
1050,"33160256","8686311","2026-09-07T09:58:47Z"
